{"avg_runtime_per_epoch": 4.393515748739243, "_timestamp": 1684073754.838729, "_runtime": 4399.907157897949, "_step": 4, "train_losses": {"_type": "histogram", "values": [13, 46, 70, 107, 127, 131, 106, 78, 50, 44, 45, 29, 17, 17, 12, 18, 5, 11, 11, 4, 2, 5, 3, 3, 2, 5, 4, 0, 3, 2, 1, 0, 1, 0, 1, 1, 2, 1, 2, 1, 0, 0, 0, 0, 0, 0, 3, 0, 1, 4, 1, 0, 0, 1, 0, 0, 0, 0, 0, 0, 2, 2, 4, 2], "bins": [-1.1167930364608765, -1.105830192565918, -1.094867467880249, -1.0839046239852905, -1.0729418992996216, -1.061979055404663, -1.0510163307189941, -1.0400534868240356, -1.0290907621383667, -1.0181279182434082, -1.0071651935577393, -0.9962023496627808, -0.985239565372467, -0.9742767810821533, -0.9633139967918396, -0.9523512125015259, -0.9413883686065674, -0.9304255843162537, -0.9194628000259399, -0.9085000157356262, -0.8975372314453125, -0.8865744471549988, -0.8756116628646851, -0.8646488785743713, -0.8536860942840576, -0.8427233099937439, -0.8317605257034302, -0.8207976818084717, -0.809834897518158, -0.7988721132278442, -0.7879093289375305, -0.7769465446472168, -0.7659837603569031, -0.7550209760665894, -0.7440581917762756, -0.7330954074859619, -0.7221326231956482, -0.7111698389053345, -0.700206995010376, -0.6892442107200623, -0.6782814264297485, -0.6673186421394348, -0.6563558578491211, -0.6453930735588074, -0.6344302892684937, -0.6234675049781799, -0.6125047206878662, -0.6015419363975525, -0.5905791521072388, -0.5796163082122803, -0.5686535239219666, -0.5576907396316528, -0.5467279553413391, -0.5357651710510254, -0.5248023867607117, -0.513839602470398, -0.5028768181800842, -0.4919140040874481, -0.4809512197971344, -0.4699884355068207, -0.45902565121650696, -0.44806286692619324, -0.43710005283355713, -0.4261372685432434, -0.4151744842529297]}, "train_accuracies": {"_type": "histogram", "values": [1, 0, 0, 0, 2, 1, 1, 1, 3, 1, 0, 0, 0, 0, 0, 0, 0, 1, 0, 0, 0, 0, 2, 1, 2, 1, 2, 0, 1, 0, 0, 0, 0, 1, 0, 1, 3, 1, 2, 0, 1, 0, 2, 2, 4, 3, 6, 1, 4, 5, 6, 8, 16, 16, 15, 30, 35, 63, 89, 120, 189, 202, 118, 37], "bins": [57.984031677246094, 58.61714172363281, 59.250247955322266, 59.883358001708984, 60.5164680480957, 61.149574279785156, 61.782684326171875, 62.415794372558594, 63.04890060424805, 63.682010650634766, 64.31511688232422, 64.94822692871094, 65.58133697509766, 66.21444702148438, 66.8475570678711, 67.48065948486328, 68.11376953125, 68.74687957763672, 69.37998962402344, 70.01309967041016, 70.64620971679688, 71.27931213378906, 71.91242218017578, 72.5455322265625, 73.17864227294922, 73.81175231933594, 74.44486236572266, 75.07796478271484, 75.71107482910156, 76.34418487548828, 76.977294921875, 77.61040496826172, 78.24351501464844, 78.87661743164062, 79.50972747802734, 80.14283752441406, 80.77594757080078, 81.4090576171875, 82.04216003417969, 82.6752700805664, 83.30838012695312, 83.94149017333984, 84.57460021972656, 85.20771026611328, 85.84081268310547, 86.47392272949219, 87.1070327758789, 87.74014282226562, 88.37325286865234, 89.00636291503906, 89.63946533203125, 90.27257537841797, 90.90568542480469, 91.5387954711914, 92.17190551757812, 92.80501556396484, 93.43811798095703, 94.07122802734375, 94.70433807373047, 95.33744812011719, 95.9705581665039, 96.60366821289062, 97.23677062988281, 97.86988067626953, 98.50299072265625]}, "val_losses": {"_type": "histogram", "values": [1, 1, 2, 0, 0, 0, 2, 3, 1, 2, 1, 0, 4, 5, 4, 7, 4, 7, 5, 5, 5, 4, 9, 6, 11, 11, 12, 17, 12, 19, 18, 25, 18, 24, 22, 30, 30, 19, 29, 41, 28, 30, 28, 26, 43, 28, 43, 35, 33, 27, 37, 33, 32, 35, 23, 25, 23, 16, 11, 14, 2, 7, 4, 1], "bins": [-0.02083428017795086, -0.02058262564241886, -0.020330971106886864, -0.020079318434000015, -0.019827663898468018, -0.01957600936293602, -0.019324354827404022, -0.019072700291872025, -0.018821045756340027, -0.01856939308345318, -0.01831773854792118, -0.018066084012389183, -0.017814429476857185, -0.017562774941325188, -0.01731112226843834, -0.01705946773290634, -0.016807813197374344, -0.016556158661842346, -0.01630450412631035, -0.01605284959077835, -0.015801196917891502, -0.015549542382359505, -0.015297887846827507, -0.01504623331129551, -0.014794579707086086, -0.014542925171554089, -0.014291271567344666, -0.014039617031812668, -0.01378796249628067, -0.013536308892071247, -0.01328465435653925, -0.013032999821007252, -0.012781346216797829, -0.012529691681265831, -0.012278037145733833, -0.01202638354152441, -0.011774729005992413, -0.01152307540178299, -0.011271420866250992, -0.011019766330718994, -0.010768112726509571, -0.010516458190977573, -0.010264803655445576, -0.010013150051236153, -0.009761495515704155, -0.009509841911494732, -0.009258187375962734, -0.009006532840430737, -0.008754879236221313, -0.008503224700689316, -0.008251570165157318, -0.007999916560947895, -0.007748262025415897, -0.007496607955545187, -0.007244953885674477, -0.006993299350142479, -0.006741645280271769, -0.006489991210401058, -0.006238337140530348, -0.00598668260499835, -0.00573502853512764, -0.005483374465256929, -0.005231720395386219, -0.004980065859854221, -0.004728411789983511]}, "val_accuracies": {"_type": "histogram", "values": [2, 3, 0, 4, 9, 2, 15, 9, 30, 24, 23, 18, 30, 43, 10, 31, 15, 44, 58, 9, 48, 8, 72, 46, 6, 48, 3, 61, 43, 11, 39, 8, 46, 22, 4, 20, 9, 25, 12, 5, 11, 4, 17, 6, 3, 5, 0, 10, 1, 5, 4, 0, 8, 1, 2, 2, 0, 0, 0, 4, 0, 0, 1, 1], "bins": [41.96428680419922, 42.50837326049805, 43.05245590209961, 43.59654235839844, 44.140625, 44.68471145629883, 45.22879409790039, 45.77288055419922, 46.31696319580078, 46.86104965209961, 47.40513610839844, 47.94921875, 48.49330520629883, 49.03738784790039, 49.58147430419922, 50.12555694580078, 50.66964340209961, 51.21372985839844, 51.7578125, 52.30189895629883, 52.84598159790039, 53.39006805419922, 53.93415069580078, 54.47823715209961, 55.02232360839844, 55.56640625, 56.11049270629883, 56.65457534790039, 57.19866180419922, 57.74274444580078, 58.28683090209961, 58.83091354370117, 59.375, 59.91908645629883, 60.46316909790039, 61.00725555419922, 61.55133819580078, 62.09542465209961, 62.63950729370117, 63.18359375, 63.72767639160156, 64.27176666259766, 64.81584930419922, 65.35993194580078, 65.90401458740234, 66.44810485839844, 66.9921875, 67.53627014160156, 68.08035278320312, 68.62444305419922, 69.16852569580078, 69.71260833740234, 70.25669860839844, 70.80078125, 71.34486389160156, 71.88894653320312, 72.43303680419922, 72.97711944580078, 73.52120208740234, 74.06529235839844, 74.609375, 75.15345764160156, 75.69754028320312, 76.24163055419922, 76.78571319580078]}, "_wandb": {"runtime": 4399}}