{"WL_iterations": 13.0, "WL_Count": 0.1796945184469223, "_timestamp": 1684245100.403266, "_runtime": 2.47055983543396, "_step": 13, "_wandb": {"runtime": 1}}