{"loss": [-0.28674810143948704, 0.6441534127347863, 2.9155819800256433, 3.468421200491298, 3.8359473719440764, 4.286714073218222, 6.742348801530298, 6.3582670151366365, 8.897089594029245, 9.082659342439527], "_timestamp": 1684074137.7007082, "_runtime": 0.5734860897064209, "_step": 1, "_wandb": {"runtime": 0}}