{"loss": 8.680687963796144, "_timestamp": 1684074465.0866518, "_runtime": 0.5485339164733887, "_step": 19, "_wandb": {"runtime": 0}}