{"loss": 8.377459981935345, "_timestamp": 1684075824.236714, "_runtime": 0.5334808826446533, "_step": 9, "_wandb": {"runtime": 0}}