{"Loss:1": 9.663861522898035, "epoch": 9, "_timestamp": 1684078772.510304, "_runtime": 2.000525951385498, "_step": 19, "Loss:2": 8.423962017937193, "_wandb": {"runtime": 0}}