{"loss": [-0.7767492637514972, 1.681879647194372, 1.1477607491066084, 3.6162366526899055, 3.7941473780202752, 4.757863956237444, 5.330757899382222, 6.372354611278735, 8.778703466957039, 9.54117036377014], "_timestamp": 1684074056.54949, "_runtime": 0.6957230567932129, "_step": 1, "_wandb": {"runtime": 0}}