{"acc": 0.7946310998566647, "loss": 0.11548040844811541, "_timestamp": 1684067615.232637, "_runtime": 0.6620988845825195, "_step": 7, "_wandb": {"runtime": 0}}