{"Fold 1 loss": 8.69058630142837, "epoch": 9, "_timestamp": 1684077661.235949, "_runtime": 0.5674769878387451, "_step": 19, "Fold 2 loss": 8.280844447160323, "_wandb": {"runtime": 0}}