{"Fold 1 loss": 8.30540235367729, "_timestamp": 1684076794.123936, "_runtime": 0.5686228275299072, "_step": 19, "Fold 2 loss": 8.30540235367729, "_wandb": {"runtime": 0}}