{"Fold 1 loss": 8.09382026294129, "_timestamp": 1684076952.3819468, "_runtime": 0.60611891746521, "_step": 19, "Fold 2 loss": 9.410298018490066, "_wandb": {"runtime": 0}}