{"Fold 1 loss": 8.67497349873764, "custom_step": 9, "_timestamp": 1684077243.7838871, "_runtime": 0.5564031600952148, "_step": 19, "Fold 2 loss": 8.115941119201027, "_wandb": {"runtime": 0}}