{"Fold loss 1": 9.726441075139602, "epoch": 9, "_timestamp": 1684078244.453949, "_runtime": 0.544173002243042, "_step": 19, "Fold loss 2": 9.667575748108845, "_wandb": {"runtime": 0}}